id,is_published,profile_id
18023390923385868,false,5362713430462517
17935909871210234,false,5362713430462517
17924899451298006,false,5362713430462517
17861176349715245,false,5362713430462517
17920452359516623,false,5362713430462517
17915858648401834,false,5362713430462517
17960328298786274,false,5362713430462517
17923270643456205,false,5362713430462517
17939446385152271,false,5362713430462517
18204793306085548,false,5362713430462517
17946111482008814,false,5362713430462517
17980467409545300,false,5362713430462517
17850119681766912,false,5362713430462517
17934956159225554,false,5362713430462517
17895734591557230,false,5362713430462517
18169682377227514,false,5362713430462517
17934170789209884,false,5362713430462517
17893627976574472,false,5362713430462517
17947895293879343,false,5362713430462517
18000727222452875,false,5362713430462517
17948237005866567,false,5362713430462517
17922138863307754,false,5362713430462517
17948786362859932,false,5362713430462517
18003952966437981,false,5362713430462517
17870058683711794,false,5362713430462517
18301490578060296,false,5362713430462517
17909022158585974,false,5362713430462517
18221130313135043,false,5362713430462517
17962453678688608,false,5362713430462517
18043811791337163,false,5362713430462517
17946610051972376,false,5362713430462517
17937887567129827,false,5362713430462517
18207964543157888,false,5362713430462517
18043109578341744,false,5362713430462517
17889719675592047,false,5362713430462517
17973625615571282,false,5362713430462517
17913869189398525,false,5362713430462517
17876575586687233,false,5362713430462517
17984588242509466,false,5362713430462517
17973323989580028,false,5362713430462517
17990735689447826,false,5362713430462517
18125125585302913,false,5362713430462517
17910771989460598,false,5362713430462517
17935971032310641,false,5362713430462517
17922266510287693,false,5362713430462517
18001895200442646,false,5362713430462517
17894621393554674,false,5362713430462517
17930876045119777,false,5362713430462517
18075050320305264,false,5362713430462517
17924714408235358,false,5362713430462517
18296098030054897,false,5362713430462517
17933506364276930,false,5362713430462517
17962518826667169,false,5362713430462517
17928668045155256,false,5362713430462517
17962043527731538,false,5362713430462517
18128779723273759,false,5362713430462517
17944295959995671,false,5362713430462517
17923813025373289,false,5362713430462517
17904032993602946,false,5362713430462517
17936369138152542,false,5362713430462517
17945182609977890,false,5362713430462517
17942700749068658,false,5362713430462517
17966809240628668,false,5362713430462517
17963824588716565,false,5362713430462517
17920721642408374,false,5362713430462517
17925225947207635,false,5362713430462517
18093469858294825,false,5362713430462517
18018063517388545,false,5362713430462517
17941334548948979,false,5362713430462517
17962810930671468,false,5362713430462517
18237330607110800,false,5362713430462517
17941662446024753,false,5362713430462517
17945024146987533,false,5362713430462517
18194905123164705,false,5362713430462517
17949345706923533,false,5362713430462517
17948262301838074,false,5362713430462517
17945074165953658,false,5362713430462517
17920525064306616,false,5362713430462517
17877850301678558,false,5362713430462517
18019511863390323,false,5362713430462517
17903769518595672,false,5362713430462517
17856614414753772,false,5362713430462517
17894447147545081,false,5362713430462517
17936433224140818,false,5362713430462517
18208467052158762,false,5362713430462517
17941468844042880,false,5362713430462517
17924741942348872,false,5362713430462517
17848635707759008,false,5362713430462517
17990763724475703,false,5362713430462517
17934562004162375,false,5362713430462517
18002966011431006,false,5362713430462517
17917636028331145,false,5362713430462517
17943483806006948,false,5362713430462517
17954894185726353,false,5362713430462517
17919439304417252,false,5362713430462517
18240343981099118,false,5362713430462517
17856501629751949,false,5362713430462517
17988318934486288,false,5362713430462517
17963322235715581,false,5362713430462517
17920783343295241,false,5362713430462517
17933295065316149,false,5362713430462517
17964161077654876,false,5362713430462517
17884869827652598,false,5362713430462517
17954826106729735,false,5362713430462517
17925057158349773,false,5362713430462517
17861047793734542,false,5362713430462517
17977640413535187,false,5362713430462517
17863890080725663,false,5362713430462517
17954334784730825,false,5362713430462517
17939954152952221,false,5362713430462517
18128881738274784,false,5362713430462517
17951180578879687,false,5362713430462517
18296250652027651,false,5362713430462517
18194571664163294,false,5362713430462517
17895631925530346,false,5362713430462517
17930303549203649,false,5362713430462517
17867075378672838,false,5362713430462517
17928096005336410,false,5362713430462517
17923579781221436,false,5362713430462517
18295757974063110,false,5362713430462517
17923256120237941,false,5362713430462517
18005509720421580,false,5362713430462517
17936200091128451,false,5362713430462517
18219200446135606,false,5362713430462517
17932646852283467,false,5362713430462517
17956049878801463,false,5362713430462517
18005448160424661,false,5362713430462517
18222448606184461,false,5362713430462517
17851263308761701,false,5362713430462517
17886594218641840,false,5362713430462517
18164641564229511,false,5362713430462517
17952357622809813,false,5362713430462517
17992884691460700,false,5362713430462517
17960606734731443,false,5362713430462517
17864340785685118,false,5362713430462517
17962181107659062,false,5362713430462517
18092160541289203,false,5362713430462517
17961999166661074,false,5362713430462517
18234987634128182,false,5362713430462517
17944532959843264,false,5362713430462517
17922665228358404,false,5362713430462517
17922023816464462,false,5362713430462517
18000238843436292,false,5362713430462517
18202632469196800,false,5362713430462517
17999815168435313,false,5362713430462517
17921670413377212,false,5362713430462517
17945034292843523,false,5362713430462517
17953452229841095,false,5362713430462517
17892180032552028,false,5362713430462517
17918019506410191,false,5362713430462517
18030584242361028,false,5362713430462517
17937744599092522,false,5362713430462517
17929270694103181,false,5362713430462517
17954830687702213,false,5362713430462517
17955565105779096,false,5362713430462517
17934457907005309,false,5362713430462517
17947286446781924,false,5362713430462517
17932454105037480,false,5362713430462517
17867866007657937,false,5362713430462517
18030109231359805,false,5362713430462517
17927287031198964,false,5362713430462517
17918887244264798,false,5362713430462517
17914711814449845,false,5362713430462517
17942015797874103,false,5362713430462517
18214744579134036,false,5362713430462517
17979685129511501,false,5362713430462517
17953867600753705,false,5362713430462517
17938246958053329,false,5362713430462517
17942747845853949,false,5362713430462517
17910200276381532,false,5362713430462517
18012013072394691,false,5362713430462517
17926266938116598,false,5362713430462517
17910980141364142,false,5362713430462517
18134279539249963,false,5362713430462517
17925097328142121,false,5362713430462517
17926839776326534,false,5362713430462517
17953181932764071,false,5362713430462517
17916994127287519,false,5362713430462517
17921178857363613,false,5362713430462517
17963042707616748,false,5362713430462517
17963504806623142,false,5362713430462517
17883185525639420,false,5362713430462517
18291971524058633,false,5362713430462517
17945917324797252,false,5362713430462517
18056282662310113,false,5362713430462517
17904502085469078,false,5362713430462517
17907975518401821,false,5362713430462517
18031669711351953,false,5362713430462517
18012215389379348,false,5362713430462517
17924900051035172,false,5362713430462517
17908593488197555,false,5362713430462517
17959986919557613,false,5362713430462517
17914463132105221,false,5362713430462517
17893832138421614,false,5362713430462517
17957260318553830,false,5362713430462517
17920849172025588,false,5362713430462517
18001255024363489,false,5362713430462517
17903158514259741,false,5362713430462517
17919920869965676,false,5362713430462517
17897197526405534,false,5362713430462517
17891175131360794,false,5362713430462517
17957814136480959,false,5362713430462517
18174479584095072,false,5362713430462517
17913606158083125,false,5362713430462517
17915918597058830,false,5362713430462517
17906149556093717,false,5362713430462517
18251009074065274,false,5362713430462517
17877857537540263,false,5362713430462517
17945611909559837,false,5362713430462517
17922017023821240,false,5362713430462517
17962341388468128,false,5362713430462517
17930685274659447,false,5362713430462517
18177388636181961,false,5362713430462517
17938787416558148,false,5362713430462517
17977637857409089,false,5362713430462517
17894504045264727,false,5362713430462517
17901266987123661,false,5362713430462517
17959158103434389,false,5362713430462517
17946600601511811,false,5362713430462517
17926896685657078,false,5362713430462517
17918494984734147,false,5362713430462517
17892492932243821,false,5362713430462517
17877113852400438,false,5362713430462517
17932179418561333,false,5362713430462517
18243467839008722,false,5362713430462517
17923934425711203,false,5362713430462517
17938394041549443,false,5362713430462517
18238682410024805,false,5362713430462517
18234224542015029,false,5362713430462517
17890728740279768,false,5362713430462517
18167519758177899,false,5362713430462517
17861795417537922,false,5362713430462517
17895279086133825,false,5362713430462517
18098843050247676,false,5362713430462517
18049507336290864,false,5362713430462517
17888219750254073,false,5362713430462517
17879293124470031,false,5362713430462517
17911300006786126,false,5362713430462517
17923219624657371,false,5362713430462517
17869401992465105,false,5362713430462517
17888227658230924,false,5362713430462517
17885959046252634,false,5362713430462517
17890163378184103,false,5362713430462517
17898721168948473,false,5362713430462517
17885963030156563,false,5362713430462517
17969279686392206,false,5362713430462517
17996008690338170,false,5362713430462517
18113601208221167,false,5362713430462517
17896491491068841,false,5362713430462517
17903947654900604,false,5362713430462517
17924527144609583,false,5362713430462517
18110691697243262,false,5362713430462517
17927684080569899,false,5362713430462517
17992227517340741,false,5362713430462517
18222720436022392,false,5362713430462517
17882684927294220,false,5362713430462517
18217730809041935,false,5362713430462517
17859015209519542,false,5362713430462517
17883202844192885,false,5362713430462517
18163426450191929,false,5362713430462517
17933707405514497,false,5362713430462517
17877422645212603,false,5362713430462517
17874033359261643,false,5362713430462517
17865632600382323,false,5362713430462517
17845748234546769,false,5362713430462517
17872356794300677,false,5362713430462517
18212493154039158,false,5362713430462517
17901250459843128,false,5362713430462517
18213722338061628,false,5362713430462517
17987659213340748,false,5362713430462517
17889716471015454,false,5362713430462517
18204905968060291,false,5362713430462517
17846119751533752,false,5362713430462517
17950178677428703,false,5362713430462517
17993282728323576,false,5362713430462517
17918625028583252,false,5362713430462517
17881809854079010,false,5362713430462517
17894244160932351,false,5362713430462517
17963579293378604,false,5362713430462517
17880615959153410,false,5362713430462517
17864851967474243,false,5362713430462517
17860481777425617,false,5362713430462517
17888247584011158,false,5362713430462517
17883717389104395,false,5362713430462517
17891527429953444,false,5362713430462517
17898373102812340,false,5362713430462517
17864674037386296,false,5362713430462517
17878595297111373,false,5362713430462517
17875430774198612,false,5362713430462517
17925474415524649,false,5362713430462517
17872366448231798,false,5362713430462517
17890561762956472,false,5362713430462517
17874881126217656,false,5362713430462517
17892182089892975,false,5362713430462517
17921146591556837,false,5362713430462517
17906656426682772,false,5362713430462517
17886186476052391,false,5362713430462517
18156492037119924,false,5362713430462517
17874547277237299,false,5362713430462517
17892313684912123,false,5362713430462517
17868721151336694,false,5362713430462517
17994034756316071,false,5362713430462517
17895915172857353,false,5362713430462517
17866937774340395,false,5362713430462517
17869229903326922,false,5362713430462517
17866216430315590,false,5362713430462517
18136812286149898,false,5362713430462517
17860417487437525,false,5362713430462517
17860983074356308,false,5362713430462517
18147256663186516,false,5362713430462517
18135275353154529,false,5362713430462517
17977902871348942,false,5362713430462517
17873126537170967,false,5362713430462517
18193275079039299,false,5362713430462517
17954777767398778,false,5362713430462517
17883104344992805,false,5362713430462517
17859117632468137,false,5362713430462517
17854753301498353,false,5362713430462517
17883052031037412,false,5362713430462517
17981066200339006,false,5362713430462517
17909740021625132,false,5362713430462517
17872248992229496,false,5362713430462517
17906985181631803,false,5362713430462517
18118214908169071,false,5362713430462517
17895975115830677,false,5362713430462517
17859726926358560,false,5362713430462517
17870181896251428,false,5362713430462517
17924665945502085,false,5362713430462517
17943817723430787,false,5362713430462517
18191209717036010,false,5362713430462517
17881674677061205,false,5362713430462517
17861926160370598,false,5362713430462517
17869744556283639,false,5362713430462517
17856987788392705,false,5362713430462517
17953317502403466,false,5362713430462517
17932937497461202,false,5362713430462517
17900291569737331,false,5362713430462517
17882547745982891,false,5362713430462517
18092772142221808,false,5362713430462517
17870259014237067,false,5362713430462517
17889085942874880,false,5362713430462517
17881776269027383,false,5362713430462517
18187418041021295,false,5362713430462517
18046611772302934,false,5362713430462517
17868755771260893,false,5362713430462517
17869863728241731,false,5362713430462517
17856352730470967,false,5362713430462517
17885168713911099,false,5362713430462517
17868554705257401,false,5362713430462517
17884694806933721,false,5362713430462517
17956496122376197,false,5362713430462517
17881930016018861,false,5362713430462517
17921196793497168,false,5362713430462517
17916750535550716,false,5362713430462517
18139844644189040,false,5362713430462517
17880909782028129,false,5362713430462517
17884525765916919,false,5362713430462517
17887057702934891,false,5362713430462517
17867807909253288,false,5362713430462517
17874023000150186,false,5362713430462517
17868025766285233,false,5362713430462517
17900728324703213,false,5362713430462517
17855293265449071,false,5362713430462517
17940938272430319,false,5362713430462517
17883934426908458,false,5362713430462517
17916594388543480,false,5362713430462517
18149171311117076,false,5362713430462517
17916059542547520,false,5362713430462517
17887003840920133,false,5362713430462517
17881994542964224,false,5362713430462517
17883625648937855,false,5362713430462517
17897864599709580,false,5362713430462517
17854128353471993,false,5362713430462517
18094320202212840,false,5362713430462517
18051955450275094,false,5362713430462517
18084900175240861,false,5362713430462517
18184220368062346,false,5362713430462517
17900780974717711,false,5362713430462517
17901397798662337,false,5362713430462517
18181591288014930,false,5362713430462517
17885205877928914,false,5362713430462517
17902509679646854,false,5362713430462517
17920147336505193,false,5362713430462517
17926541254482359,false,5362713430462517
17968994452359392,false,5362713430462517
17865355280253828,false,5362713430462517
18130272133147025,false,5362713430462517
17866562852186205,false,5362713430462517
17971996822347792,false,5362713430462517
17978091493331737,false,5362713430462517
17862970766318196,false,5362713430462517
17864027321296559,false,5362713430462517
17901494365639414,false,5362713430462517
17900989492718152,false,5362713430462517
17881482910952256,false,5362713430462517
17863632236305101,false,5362713430462517
17909488552562359,false,5362713430462517
18178052608024371,false,5362713430462517
17852723312431303,false,5362713430462517
17898242863723111,false,5362713430462517
17856042302356988,false,5362713430462517
17906311969600139,false,5362713430462517
17874873206024286,false,5362713430462517
17880200533956559,false,5362713430462517
17889291238778129,false,5362713430462517
17859192431302098,false,5362713430462517
17862994592254595,false,5362713430462517
17951013322385596,false,5362713430462517
17886513577846819,false,5362713430462517
17918179087483406,false,5362713430462517
17880146542960111,false,5362713430462517
17852988851388028,false,5362713430462517
17936281261418503,false,5362713430462517
17891293690774369,false,5362713430462517
17856709913340381,false,5362713430462517
17869469822147355,false,5362713430462517
17864771159206485,false,5362713430462517
17899721011649204,false,5362713430462517
17966945749342948,false,5362713430462517
18178340494051229,false,5362713430462517
17877709048988682,false,5362713430462517
17975865976326723,false,5362713430462517
18121275748160971,false,5362713430462517
17852516099360027,false,5362713430462517
17898571807655995,false,5362713430462517
18119586832165397,false,5362713430462517
17888450845780008,false,5362713430462517
17848873475425509,false,5362713430462517
17849477123418641,false,5362713430462517
18129497587133258,false,5362713430462517
17890868245759598,false,5362713430462517
17907938026557817,false,5362713430462517
17907417592572870,false,5362713430462517
17881195450912447,false,5362713430462517
17915010847518397,false,5362713430462517
17980381009325009,false,5362713430462517
17967550690352441,false,5362713430462517
18145849336111237,false,5362713430462517
17848456388473940,false,5362713430462517
17874532703044560,false,5362713430462517
18094535050203214,false,5362713430462517
18175687720018292,false,5362713430462517
17894642107698030,false,5362713430462517
17876685128003679,false,5362713430462517
18144376531129472,false,5362713430462517
17883514597883264,false,5362713430462517
17864243621168025,false,5362713430462517
17897505352656121,false,5362713430462517
17895345361688132,false,5362713430462517
18126496831176280,false,5362713430462517
17965372807355271,false,5362713430462517
17877882181914298,false,5362713430462517
17859947618306375,false,5362713430462517
17850781442361767,false,5362713430462517
18053018647271843,false,5362713430462517
17943032152405754,false,5362713430462517
17894488063711587,false,5362713430462517
17852749361365065,false,5362713430462517
17887684384789102,false,5362713430462517
17848807409425122,false,5362713430462517
17897433532652882,false,5362713430462517
18060661498248113,false,5362713430462517
17894891146659927,false,5362713430462517
17970538759338193,false,5362713430462517
18173902972012119,false,5362713430462517
17844480320480095,false,5362713430462517
17860148141262856,false,5362713430462517
17889891979744481,false,5362713430462517
17954920327372482,false,5362713430462517
17887251616806459,false,5362713430462517
17887147519754863,false,5362713430462517
18057400306260025,false,5362713430462517
17846743061435641,false,5362713430462517
17861670647216803,false,5362713430462517
17896299124656527,false,5362713430462517
17973221491327714,false,5362713430462517
17903259658565013,false,5362713430462517
17876147257946916,false,5362713430462517
18174004591022335,false,5362713430462517
17899291198624627,false,5362713430462517
17845687553446203,false,5362713430462517
18077740285227681,false,5362713430462517
18016652296294357,false,5362713430462517
17858506454247115,false,5362713430462517
17968401766344534,false,5362713430462517
18016157620289168,false,5362713430462517
17847858821399210,false,5362713430462517
17855390852307680,false,5362713430462517
18172271521020498,false,5362713430462517
17878994266905340,false,5362713430462517
17848498718411557,false,5362713430462517
17964840862351206,false,5362713430462517
18032611930287012,false,5362713430462517
17861106887227073,false,5362713430462517
17895251203661553,false,5362713430462517
17911340695521934,false,5362713430462517
18157559554073242,false,5362713430462517
18140304013113222,false,5362713430462517
18052598137269181,false,5362713430462517
17842866452465539,false,5362713430462517
18139241062111200,false,5362713430462517
17927485891433514,false,5362713430462517
18054271477257501,false,5362713430462517
17890888951703729,false,5362713430462517
17962616599349533,false,5362713430462517
17869731955996801,false,5362713430462517
17856802550246796,false,5362713430462517
17913386014479949,false,5362713430462517
17933742355419688,false,5362713430462517
17844460964401070,false,5362713430462517
17870820734002767,false,5362713430462517
17862854978132464,false,5362713430462517
17861519177157921,false,5362713430462517
17865745559086999,false,5362713430462517
17879560192847193,false,5362713430462517
18103876336171283,false,5362713430462517
17846212688363195,false,5362713430462517
17944131781380090,false,5362713430462517
17875401652919525,false,5362713430462517
17882220232827150,false,5362713430462517
17893195309640923,false,5362713430462517
18121187521080655,false,5362713430462517
17931115354415820,false,5362713430462517
17891760322660899,false,5362713430462517
17868813344052319,false,5362713430462517
18163554184059251,false,5362713430462517
17855544296215427,false,5362713430462517
17854585592247875,false,5362713430462517
17887958368730744,false,5362713430462517
17855111735258874,false,5362713430462517
17853487919263903,false,5362713430462517
17842234457430805,false,5362713430462517
17863925978077409,false,5362713430462517
17958193939347020,false,5362713430462517
17891818804631168,false,5362713430462517
18135272470099157,false,5362713430462517
18133496650119634,false,5362713430462517
17888864167686432,false,5362713430462517
18110111788163682,false,5362713430462517
17854700741224978,false,5362713430462517
17843025500399335,false,5362713430462517
17897737741592223,false,5362713430462517
17869703048000588,false,5362713430462517
18126609898127337,false,5362713430462517
17901484258531989,false,5362713430462517
17967190285334134,false,5362713430462517
17908158484510687,false,5362713430462517
17844938741378957,false,5362713430462517
18161675140043476,false,5362713430462517
17880536437788162,false,5362713430462517
17859134480173821,false,5362713430462517
17854226321214793,false,5362713430462517
17851858412271735,false,5362713430462517
18116887720151188,false,5362713430462517
17869014394976043,false,5362713430462517
17854551275247629,false,5362713430462517
18163779520046223,false,5362713430462517
17882333068768591,false,5362713430462517
17877308926853324,false,5362713430462517
17908490266505650,false,5362713430462517
18119527954083552,false,5362713430462517
17870858689911978,false,5362713430462517
18028790110283211,false,5362713430462517
18116752645180186,false,5362713430462517
17986934182307191,false,5362713430462517
17862567704060740,false,5362713430462517
17849880491316117,false,5362713430462517
17890513489625873,false,5362713430462517
17868929614985191,false,5362713430462517
17874381085891582,false,5362713430462517
17870106472942682,false,5362713430462517
17871365248908332,false,5362713430462517
18034532404278625,false,5362713430462517
17919872086450206,false,5362713430462517
17894210593604810,false,5362713430462517
17855452001184747,false,5362713430462517
17866471259007351,false,5362713430462517
17897042506560147,false,5362713430462517
18074168992223518,false,5362713430462517
17849700569294601,false,5362713430462517
18149848504065890,false,5362713430462517
18031666060301300,false,5362713430462517
18069253165231222,false,5362713430462517
17888559655653855,false,5362713430462517
17870847535926475,false,5362713430462517
17866265666003265,false,5362713430462517
17893383640605554,false,5362713430462517
17871457312894558,false,5362713430462517
17866319860989357,false,5362713430462517
18041931091271914,false,5362713430462517
18157456099046074,false,5362713430462517
17906488234497650,false,5362713430462517
17864104565014796,false,5362713430462517
18040721794268937,false,5362713430462517
17865044723005146,false,5362713430462517
18143244133072183,false,5362713430462517
18049121059247824,false,5362713430462517
18080919943204738,false,5362713430462517
17875546006791560,false,5362713430462517
18111696100149904,false,5362713430462517
17937573562375929,false,5362713430462517
18040752502269155,false,5362713430462517
17865308881982694,false,5362713430462517
17882299033701682,false,5362713430462517
18073939825208046,false,5362713430462517
17862524261016629,false,5362713430462517
17862435377020439,false,5362713430462517
17858925194053362,false,5362713430462517
18156002470046259,false,5362713430462517
17862264053013508,false,5362713430462517
17853122861169240,false,5362713430462517
18125650885114552,false,5362713430462517
17941995328375575,false,5362713430462517
18099119254195074,false,5362713430462517
17917183264436195,false,5362713430462517
18096760249174325,false,5362713430462517
18157376359038342,false,5362713430462517
17875343425753862,false,5362713430462517
18155210128007209,false,5362713430462517
17874451081769535,false,5362713430462517
17882224252718293,false,5362713430462517
17902350364506914,false,5362713430462517
17871454627842098,false,5362713430462517
17860147937016328,false,5362713430462517
17852769620135945,false,5362713430462517
17887201828627664,false,5362713430462517
17866815253925208,false,5362713430462517
18111932797130966,false,5362713430462517
17864635684956644,false,5362713430462517
17896616329540404,false,5362713430462517
17865160570916921,false,5362713430462517
17903748655498078,false,5362713430462517
18153852940040788,false,5362713430462517
17935307032387360,false,5362713430462517
18138904585072271,false,5362713430462517
17842421543318075,false,5362713430462517
17845051703275986,false,5362713430462517
18125847757106881,false,5362713430462517
17845819364253372,false,5362713430462517
17854902179108830,false,5362713430462517
17898447331503806,false,5362713430462517
17861387221994000,false,5362713430462517
18111917095093035,false,5362713430462517
17878361575725952,false,5362713430462517
18111473473083244,false,5362713430462517
18147585781021894,false,5362713430462517
17881077106644345,false,5362713430462517
18150605245002831,false,5362713430462517
17856389264065805,false,5362713430462517
18055126351244828,false,5362713430462517
18124004464111526,false,5362713430462517
17917696609434769,false,5362713430462517
17873787700763419,false,5362713430462517
17856209000066732,false,5362713430462517
18104910106150665,false,5362713430462517
18122897659106488,false,5362713430462517
17899228273507150,false,5362713430462517
17871926893794962,false,5362713430462517
17861008363980439,false,5362713430462517
17859635203977410,false,5362713430462517
18107501344183779,false,5362713430462517
17945764981360216,false,5362713430462517
18072801535202991,false,5362713430462517
17862517477943706,false,5362713430462517
17853909347082797,false,5362713430462517
17932470235378882,false,5362713430462517
17847505553170552,false,5362713430462517
18148378150043188,false,5362713430462517
18108880501089923,false,5362713430462517
18148718632037137,false,5362713430462517
17880960178639835,false,5362713430462517
17863292023905946,false,5362713430462517
17924364559408344,false,5362713430462517
17846728031192144,false,5362713430462517
17911922881447190,false,5362713430462517
17869480066808937,false,5362713430462517
18059758087235163,false,5362713430462517
17911831261446280,false,5362713430462517
18041710480252731,false,5362713430462517
17870063347786425,false,5362713430462517
17864106004882526,false,5362713430462517
18122403694096110,false,5362713430462517
17900887171495378,false,5362713430462517
18108009595133186,false,5362713430462517
17868876205833474,false,5362713430462517
17900903539480046,false,5362713430462517
17892504493539895,false,5362713430462517
17848916684152374,false,5362713430462517
17869436338810233,false,5362713430462517
17843453267217770,false,5362713430462517
18033352864271675,false,5362713430462517
17896448893517335,false,5362713430462517
17855190188056014,false,5362713430462517
17958695644321569,false,5362713430462517
17903226745482047,false,5362713430462517
17947290598351950,false,5362713430462517
17847166727164985,false,5362713430462517
17859920959962879,false,5362713430462517
18108151294082692,false,5362713430462517
17853206702056768,false,5362713430462517
17878135048668805,false,5362713430462517
18145652740021564,false,5362713430462517
17861528854929418,false,5362713430462517
18145556818058518,false,5362713430462517
17864427808855187,false,5362713430462517
17849498006122609,false,5362713430462517
17891082688538774,false,5362713430462517
18037217599259457,false,5362713430462517
18106361554088573,false,5362713430462517
17850927875073675,false,5362713430462517
17890456564550144,false,5362713430462517
18150623485030951,false,5362713430462517
18070562761204176,false,5362713430462517
17867804845825762,false,5362713430462517
17898634807491976,false,5362713430462517
18118348840112740,false,5362713430462517
17866033888820274,false,5362713430462517
17869939378765046,false,5362713430462517
18146067322049791,false,5362713430462517
17863436695846979,false,5362713430462517
17857083733958036,false,5362713430462517
17854047767025673,false,5362713430462517
17874726352681440,false,5362713430462517
18102841708151776,false,5362713430462517
17890229353535589,false,5362713430462517
17924260330403392,false,5362713430462517
17852548322067007,false,5362713430462517
17853252761042846,false,5362713430462517
18030025378270347,false,5362713430462517
17843049371196063,false,5362713430462517
17883813790595921,false,5362713430462517
17903715967463850,false,5362713430462517
17953198516328372,false,5362713430462517
17874308254713252,false,5362713430462517
18135559081066623,false,5362713430462517
17905612222458540,false,5362713430462517
17883544258591500,false,5362713430462517
17952904351328274,false,5362713430462517
17866216999791944,false,5362713430462517
18107210470188884,false,5362713430462517
17863984102855974,false,5362713430462517
18117573802108776,false,5362713430462517
18088425148171879,false,5362713430462517
17859416953904547,false,5362713430462517
18021122134274907,false,5362713430462517
17873105956722549,false,5362713430462517
18128859103074338,false,5362713430462517
17877271978644882,false,5362713430462517
18141946813010515,false,5362713430462517
17873733820677993,false,5362713430462517
18099255571159154,false,5362713430462517
17875164784666640,false,5362713430462517
18088031173171047,false,5362713430462517
17852064386036911,false,5362713430462517
18093828592163180,false,5362713430462517
17874193063673797,false,5362713430462517
17904930331454425,false,5362713430462517
17852892061996827,false,5362713430462517
17906680696443107,false,5362713430462517
18103953658090341,false,5362713430462517
17857766950912391,false,5362713430462517
17866864873776964,false,5362713430462517
17849543333064461,false,5362713430462517
18100349722178061,false,5362713430462517
17872623103684338,false,5362713430462517
18052184779243316,false,5362713430462517
17881111810597816,false,5362713430462517
17886517216556241,false,5362713430462517
17886149746556102,false,5362713430462517
17893026025492580,false,5362713430462517
17863574674798836,false,5362713430462517
17913389500413437,false,5362713430462517
17921261458400736,false,5362713430462517
18102488071135224,false,5362713430462517
18095510665156002,false,5362713430462517
17879237590583024,false,5362713430462517
17890486585510711,false,5362713430462517
17861648704818681,false,5362713430462517
17881570816577534,false,5362713430462517
18031422034261475,false,5362713430462517
17869898044703324,false,5362713430462517
17852850349965796,false,5362713430462517
17887825204519962,false,5362713430462517
18138137167020724,false,5362713430462517
17846859932064406,false,5362713430462517
17896067413477803,false,5362713430462517
17860952950830254,false,5362713430462517
17856334867888999,false,5362713430462517
17955512314316662,false,5362713430462517
17940723556354551,false,5362713430462517
17923064323389778,false,5362713430462517
17861017822821430,false,5362713430462517
17853342409916947,false,5362713430462517
17850373408989432,false,5362713430462517
17877478780603908,false,5362713430462517
17941808698338731,false,5362713430462517
17862960112760802,false,5362713430462517
17896307203475781,false,5362713430462517
17862364213812270,false,5362713430462517
17889076180500269,false,5362713430462517
17848582339992879,false,5362713430462517
17881843150548213,false,5362713430462517
18109364317114092,false,5362713430462517
17921746252379008,false,5362713430462517
17859706273840884,false,5362713430462517
18112000672101388,false,5362713430462517
18112098595096523,false,5362713430462517
17859180235826445,false,5362713430462517
17901638656453890,false,5362713430462517
17876242675605817,false,5362713430462517
17860436773808142,false,5362713430462517
17853005206898561,false,5362713430462517
17856313672852411,false,5362713430462517
17862963733753244,false,5362713430462517
17846287013049405,false,5362713430462517
18098746528094192,false,5362713430462517
17860513792785470,false,5362713430462517
17855674855884469,false,5362713430462517
18133918669013968,false,5362713430462517
17882705224541231,false,5362713430462517
18043279561244311,false,5362713430462517
17942933206337028,false,5362713430462517
17855097649877847,false,5362713430462517
17945939041327124,false,5362713430462517
17956346005315773,false,5362713430462517
17920748455383657,false,5362713430462517
18136057303000086,false,5362713430462517
17887563688506554,false,5362713430462517
17854773619870437,false,5362713430462517
17858553877836277,false,5362713430462517
17903986600441654,false,5362713430462517
17875633105600672,false,5362713430462517
17849733634971156,false,5362713430462517
17862711802745811,false,5362713430462517
17870332990652683,false,5362713430462517
18097542001080512,false,5362713430462517
17849382013976595,false,5362713430462517
17858740165802785,false,5362713430462517
18110272759104548,false,5362713430462517
17849934706957738,false,5362713430462517
17855495656876574,false,5362713430462517
18097613395081072,false,5362713430462517
18125946904067181,false,5362713430462517
18047805187235704,false,5362713430462517
17876026666598713,false,5362713430462517
17867441470675193,false,5362713430462517
17919906862386733,false,5362713430462517
17861432968748594,false,5362713430462517
17865143023697647,false,5362713430462517
17847433828989107,false,5362713430462517
17859123418780848,false,5362713430462517
17895768787462515,false,5362713430462517
17881205335542771,false,5362713430462517
18097660294184200,false,5362713430462517
17900098255445150,false,5362713430462517
18109604188099437,false,5362713430462517
17899386109452576,false,5362713430462517
17869443931632613,false,5362713430462517
18046657903228963,false,5362713430462517
17945037394331526,false,5362713430462517
17857132465825355,false,5362713430462517
17889251692496223,false,5362713430462517
17862311437743455,false,5362713430462517
17868187801659342,false,5362713430462517
18094836910193769,false,5362713430462517
17865386797702956,false,5362713430462517
17866021969689459,false,5362713430462517
18091410121155058,false,5362713430462517
18132293095048777,false,5362713430462517
17857462270794558,false,5362713430462517
17850500527909559,false,5362713430462517
17884601317515091,false,5362713430462517
17847096499986586,false,5362713430462517
17882872045524028,false,5362713430462517
18096476980136643,false,5362713430462517
18089676796159359,false,5362713430462517
17871390340611265,false,5362713430462517
17906633266414445,false,5362713430462517
17910562072408002,false,5362713430462517
17842996091026128,false,5362713430462517
17900482909441426,false,5362713430462517
17857942621748801,false,5362713430462517
17857405903793725,false,5362713430462517
17846572948965725,false,5362713430462517
17877132934538059,false,5362713430462517
17878475413531866,false,5362713430462517
17925121552370923,false,5362713430462517
18130346221017086,false,5362713430462517
17948852737320860,false,5362713430462517
17901787894431225,false,5362713430462517
17869902910612406,false,5362713430462517
17961170758307307,false,5362713430462517
17845169719973543,false,5362713430462517
17912146096396715,false,5362713430462517
17843529958990386,false,5362713430462517
18000210226280570,false,5362713430462517
17844698848956361,false,5362713430462517
18092974090093148,false,5362713430462517
17850916216871356,false,5362713430462517
17867834128618782,false,5362713430462517
18042708838230101,false,5362713430462517
17898470986439830,false,5362713430462517
17846994898919443,false,5362713430462517
18055756891202307,false,5362713430462517
17855869225780374,false,5362713430462517
17934249409346579,false,5362713430462517
17867022196621936,false,5362713430462517
17850208960874189,false,5362713430462517
17881664308508011,false,5362713430462517
17859055807733475,false,5362713430462517
18042890203227080,false,5362713430462517
17859658546713147,false,5362713430462517
18129281488006610,false,5362713430462517
17855086054756255,false,5362713430462517
17843065624978241,false,5362713430462517
18101190400112003,false,5362713430462517
17924129170367959,false,5362713430462517
17863444912655504,false,5362713430462517
17854871698780803,false,5362713430462517
18126479986046429,false,5362713430462517
18000713134302088,false,5362713430462517
17850554017830656,false,5362713430462517
17854672660772106,false,5362713430462517
17869616104593158,false,5362713430462517
17867073520610278,false,5362713430462517
17849848360855118,false,5362713430462517
18126831907029556,false,5362713430462517
17861844469665835,false,5362713430462517
17907602128405876,false,5362713430462517
18127529506005429,false,5362713430462517
17851905583800677,false,5362713430462517
18125861395029760,false,5362713430462517
18072298252196272,false,5362713430462517
18053169517206597,false,5362713430462517
17871101080563436,false,5362713430462517
17949482635309050,false,5362713430462517
18101346787104875,false,5362713430462517
17900214625425878,false,5362713430462517
17847950296850106,false,5362713430462517
17868477766594796,false,5362713430462517
17856689071733267,false,5362713430462517
18101721442109602,false,5362713430462517
18073408168171991,false,5362713430462517
17847778867842707,false,5362713430462517
17843251399923006,false,5362713430462517
17928236194355013,false,5362713430462517
17877118192521852,false,5362713430462517
17876947075518153,false,5362713430462517
17932748113342283,false,5362713430462517
17908259341403859,false,5362713430462517
17856404728738115,false,5362713430462517
17993907487287754,false,5362713430462517
18124324969000227,false,5362713430462517
18101090323106264,false,5362713430462517
18122484922030292,false,5362713430462517
17878760758507289,false,5362713430462517
17867514022594906,false,5362713430462517
17861581873632178,false,5362713430462517
17911786942376245,false,5362713430462517
17850038458812854,false,5362713430462517
18006966793300885,false,5362713430462517
17868238111574382,false,5362713430462517
17859899671662718,false,5362713430462517
17847557698856416,false,5362713430462517
18083541856183056,false,5362713430462517
18122859976006908,false,5362713430462517
17853249913741112,false,5362713430462517
17902325509413621,false,5362713430462517
17979325753292084,false,5362713430462517
17921447425365204,false,5362713430462517
17999937568301202,false,5362713430462517
17891512459450470,false,5362713430462517
17851360252764077,false,5362713430462517
18071899513175202,false,5362713430462517
17865980602603554,false,5362713430462517
17868620998566840,false,5362713430462517
17891598919446568,false,5362713430462517
17868701191573702,false,5362713430462517
17860679077652501,false,5362713430462517
18121749334034930,false,5362713430462517
17845937602853867,false,5362713430462517
17910994273388525,false,5362713430462517
17859608338629995,false,5362713430462517
18087869293189669,false,5362713430462517
17866489828587767,false,5362713430462517
17921220151365444,false,5362713430462517
18083839987177712,false,5362713430462517
17849527054823651,false,5362713430462517
17895476014431481,false,5362713430462517
18050330986202713,false,5362713430462517
17877142486501811,false,5362713430462517
17853087028741239,false,5362713430462517
17978025454294340,false,5362713430462517
17884491847471493,false,5362713430462517
17848869715800622,false,5362713430462517
18086238814190309,false,5362713430462517
17845351417851423,false,5362713430462517
18097481284112196,false,5362713430462517
17844407479884152,false,5362713430462517
17850965275776455,false,5362713430462517
17880913414489413,false,5362713430462517
18114667144067959,false,5362713430462517
17848509667811729,false,5362713430462517
17852822845738702,false,5362713430462517
17990607046285572,false,5362713430462517
17880421297482116,false,5362713430462517
17905715410398748,false,5362713430462517
17934369076336117,false,5362713430462517
17893002790441125,false,5362713430462517
17865615148587569,false,5362713430462517
18121021756031657,false,5362713430462517
17855765794697857,false,5362713430462517
17856721564688107,false,5362713430462517
17844746785877350,false,5362713430462517
17849110021788335,false,5362713430462517
17928642292347064,false,5362713430462517
17847973909803535,false,5362713430462517
17844624766875090,false,5362713430462517
18046865080208321,false,5362713430462517
18110898478077389,false,5362713430462517
17857020559679581,false,5362713430462517
17855578858691553,false,5362713430462517
17993389381283098,false,5362713430462517
17856546973689467,false,5362713430462517
18112781647066622,false,5362713430462517
17904866299404022,false,5362713430462517
17887567276446127,false,5362713430462517
17856086401680701,false,5362713430462517
18034834627241316,false,5362713430462517
17868588070552532,false,5362713430462517
17850636772754066,false,5362713430462517
17928206548345527,false,5362713430462517
17853179296732338,false,5362713430462517
17879844919487533,false,5362713430462517
17846681857815975,false,5362713430462517
17908939090389184,false,5362713430462517
17894987446430119,false,5362713430462517
18121400899043173,false,5362713430462517
18007181005262900,false,5362713430462517
18034634512231060,false,5362713430462517
17874113746516378,false,5362713430462517
18016626214252430,false,5362713430462517
17898118996410883,false,5362713430462517
17877945706478059,false,5362713430462517
18119531956046744,false,5362713430462517
17843066656843235,false,5362713430462517
18013089889256627,false,5362713430462517
18117220195029834,false,5362713430462517
17873450725501524,false,5362713430462517
17873487946506328,false,5362713430462517
17854448845655586,false,5362713430462517
18004636843262913,false,5362713430462517
17844726811811651,false,5362713430462517
17846801857775091,false,5362713430462517
17870231182522600,false,5362713430462517
17861063743577964,false,5362713430462517
18066101620171442,false,5362713430462517
17855052679644488,false,5362713430462517
17866646344533272,false,5362713430462517
18115128733060931,false,5362713430462517
17900015785401331,false,5362713430462517
18091441720104750,false,5362713430462517
17892733459424608,false,5362713430462517
17901651640376806,false,5362713430462517
18028654048238747,false,5362713430462517
18085796857120378,false,5362713430462517
17897420869406259,false,5362713430462517
17986757047281456,false,5362713430462517
17891120437421903,false,5362713430462517
17872949380481412,false,5362713430462517
17847406636722510,false,5362713430462517
18110765248057136,false,5362713430462517
18111517159045002,false,5362713430462517
17851509535650033,false,5362713430462517
17930478688317868,false,5362713430462517
18028509775227080,false,5362713430462517
18107882773041397,false,5362713430462517
18059596594196808,false,5362713430462517
17864960155522044,false,5362713430462517
18076539829091636,false,5362713430462517
18106981633001552,false,5362713430462517
17921532220340859,false,5362713430462517
18006582862256346,false,5362713430462517
18005915878259708,false,5362713430462517
18105505525033143,false,5362713430462517
17844383653693434,false,5362713430462517
17848543087643631,false,5362713430462517
17856246277570656,false,5362713430462517
18072805210082014,false,5362713430462517
17892830536400884,false,5362713430462517
17874979873449323,false,5362713430462517
18055110982197020,false,5362713430462517
17856192580528111,false,5362713430462517
17851222549588965,false,5362713430462517
17847380575625362,false,5362713430462517
17878938583430763,false,5362713430462517
18081757774106534,false,5362713430462517
17849094763590944,false,5362713430462517
18078900052108206,false,5362713430462517
17975262553303207,false,5362713430462517
18063960130149309,false,5362713430462517
17849538004591367,false,5362713430462517
17858157325524622,false,5362713430462517
17858072431522602,false,5362713430462517
17912263489345164,false,5362713430462517
17843386504652446,false,5362713430462517
18051830158197220,false,5362713430462517
18000430462261892,false,5362713430462517
17893322779388128,false,5362713430462517
18067352377139459,false,5362713430462517
18067964134095243,false,5362713430462517
18062097001148179,false,5362713430462517
18053732830170662,false,5362713430462517
18077295934114428,false,5362713430462517
17882398144419098,false,5362713430462517
18017782546234154,false,5362713430462517
17917012327331836,false,5362713430462517
17854220485538235,false,5362713430462517
17972266126286283,false,5362713430462517
17892537877390455,false,5362713430462517
18095169988065452,false,5362713430462517
17862924013489198,false,5362713430462517
18077843560101988,false,5362713430462517
17936049175306481,false,5362713430462517
17864266432473742,false,5362713430462517
17861414503491414,false,5362713430462517
17909432800348570,false,5362713430462517
17865237508472119,false,5362713430462517
18062861866134829,false,5362713430462517
17884033057408954,false,5362713430462517
18048045223197896,false,5362713430462517
18029928934201970,false,5362713430462517
17997148186259248,false,5362713430462517
17845844170589969,false,5362713430462517
17864448478471266,false,5362713430462517
17926265782309640,false,5362713430462517
17888576677378501,false,5362713430462517
17846895517577942,false,5362713430462517
18064876177189116,false,5362713430462517
17843691454606067,false,5362713430462517
18093668260028987,false,5362713430462517
17925466669313152,false,5362713430462517
17914777384335015,false,5362713430462517
18049969216198465,false,5362713430462517
18095791324063633,false,5362713430462517
18063400588132120,false,5362713430462517
17918827924321511,false,5362713430462517
18058908253182911,false,5362713430462517
17882110192409528,false,5362713430462517
17968206601287486,false,5362713430462517
18060057457145202,false,5362713430462517
18063902071137192,false,5362713430462517
18068550772123983,false,5362713430462517
17872259050433777,false,5362713430462517
17994007060260920,false,5362713430462517
18048452179175045,false,5362713430462517
18007459126244711,false,5362713430462517
17865452737460446,false,5362713430462517
18090823462031143,false,5362713430462517
17868046078446008,false,5362713430462517
18088002742066484,false,5362713430462517
17842812016597215,false,5362713430462517
18056166493148126,false,5362713430462517
17845070656561109,false,5362713430462517
17876092345415860,false,5362713430462517
17969511235282009,false,5362713430462517
18061241098082572,false,5362713430462517
18061268518092219,false,5362713430462517
17842920118579464,false,5362713430462517
17897980792362340,false,5362713430462517
17847828118540581,false,5362713430462517
18060915871140172,false,5362713430462517
17852387851516438,false,5362713430462517
18061026616086407,false,5362713430462517
18021447898209201,false,5362713430462517
17884039327383728,false,5362713430462517
17870875492432396,false,5362713430462517
17977067779278494,false,5362713430462517
18070678201101342,false,5362713430462517
17850072067521692,false,5362713430462517
18059617387138905,false,5362713430462517
17853886378493760,false,5362713430462517
18069976918098962,false,5362713430462517
17895491962366299,false,5362713430462517
18054179296182034,false,5362713430462517
18083411977065864,false,5362713430462517
17928839662305459,false,5362713430462517
18044766079172382,false,5362713430462517
17975578420279132,false,5362713430462517
17976448822279707,false,5362713430462517
18045041848175015,false,5362713430462517
17855489089488302,false,5362713430462517
18087922429051610,false,5362713430462517
17882918824379793,false,5362713430462517
17908918267328295,false,5362713430462517
18017783002220710,false,5362713430462517
17858250805471578,false,5362713430462517
18088737568032880,false,5362713430462517
17854098082492622,false,5362713430462517
17908982752336901,false,5362713430462517
17903299027345877,false,5362713430462517
18059667046081257,false,5362713430462517
18063981886127074,false,5362713430462517
17951068795293631,false,5362713430462517
17870391061429973,false,5362713430462517
17902252672349769,false,5362713430462517
17975006692274110,false,5362713430462517
17915980405316258,false,5362713430462517
18058842010187625,false,5362713430462517
17843577511552657,false,5362713430462517
17964862027280912,false,5362713430462517
17868698401432375,false,5362713430462517
18085837393030931,false,5362713430462517
17882783998380227,false,5362713430462517
17878538440395777,false,5362713430462517
18086746744014332,false,5362713430462517
18062171539123182,false,5362713430462517
17972692852274333,false,5362713430462517
17963799874281426,false,5362713430462517
17988284080254086,false,5362713430462517
17845564864523558,false,5362713430462517
17897063494348096,false,5362713430462517
18054482431184907,false,5362713430462517
17987834332255144,false,5362713430462517
17909512777323032,false,5362713430462517
17979259309266525,false,5362713430462517
17857431310457215,false,5362713430462517
18039127510170366,false,5362713430462517
18058740925127305,false,5362713430462517
18003695959230508,false,5362713430462517
17846333020502843,false,5362713430462517
17845425487512841,false,5362713430462517
17867700496423415,false,5362713430462517
17848369057490299,false,5362713430462517
18052510714186907,false,5362713430462517
17850702409480393,false,5362713430462517
17900178295338633,false,5362713430462517
18003347545226906,false,5362713430462517
17877800944387770,false,5362713430462517
17892554626358666,false,5362713430462517
17873614888393476,false,5362713430462517
17848882138481656,false,5362713430462517
18079480426011333,false,5362713430462517
18062117695129519,false,5362713430462517
18060968908113306,false,5362713430462517
17842725286519635,false,5362713430462517
17856983938451249,false,5362713430462517
18078387664036756,false,5362713430462517
18056230489125750,false,5362713430462517
18056526352124857,false,5362713430462517
17908125526320211,false,5362713430462517
18062829811102933,false,5362713430462517
18045696298151926,false,5362713430462517
17850338197469617,false,5362713430462517
18059960047115796,false,5362713430462517
17911263262313673,false,5362713430462517
17983273909248863,false,5362713430462517
17848864855472376,false,5362713430462517
17955120337285277,false,5362713430462517
17908085476316902,false,5362713430462517
18010269772211852,false,5362713430462517
17856427753443966,false,5362713430462517
17851231528464323,false,5362713430462517
18044307040148402,false,5362713430462517
17871326470394666,false,5362713430462517
17850085096467649,false,5362713430462517
18077605798057301,false,5362713430462517
17845150984483490,false,5362713430462517
18073243123064134,false,5362713430462517
17869642270396894,false,5362713430462517
18050255074088547,false,5362713430462517
17899786720336479,false,5362713430462517
18000570001231382,false,5362713430462517
17965557742275260,false,5362713430462517
18034470649168090,false,5362713430462517
18078129067042221,false,5362713430462517
17897348581328919,false,5362713430462517
17880594262373054,false,5362713430462517
18059588827107306,false,5362713430462517
18049073095091906,false,5362713430462517
18076271140033367,false,5362713430462517
18041849191157816,false,5362713430462517
17863007050421340,false,5362713430462517
17941218634294908,false,5362713430462517
18078227230050824,false,5362713430462517
17866326322406871,false,5362713430462517
17883018070362620,false,5362713430462517
17996383222233684,false,5362713430462517
17995743793240657,false,5362713430462517
18044067298184915,false,5362713430462517
17972373487265356,false,5362713430462517
18037219954165272,false,5362713430462517
17867719117393474,false,5362713430462517
17893352287338468,false,5362713430462517
17879468362371706,false,5362713430462517
17861775700412388,false,5362713430462517
18045783859095644,false,5362713430462517
18074207389029093,false,5362713430462517
17970860752269247,false,5362713430462517
17977206379248663,false,5362713430462517
17866224565400546,false,5362713430462517
18075796822011000,false,5362713430462517
17902150885316240,false,5362713430462517
18054304495129681,false,5362713430462517
17996925586228217,false,5362713430462517
18053020660118153,false,5362713430462517
17865173407399105,false,5362713430462517
18041195089187146,false,5362713430462517
17886774040349115,false,5362713430462517
17975357374255440,false,5362713430462517
18067103467064899,false,5362713430462517
18052835068128013,false,5362713430462517
17965729345269878,false,5362713430462517
17849998744442798,false,5362713430462517
18061432330079163,false,5362713430462517
18036489256145828,false,5362713430462517
17881245622357012,false,5362713430462517
18005539438203247,false,5362713430462517
17957168377276090,false,5362713430462517
17866519144380044,false,5362713430462517
18051355693102171,false,5362713430462517
18038444092186348,false,5362713430462517
17861129623401681,false,5362713430462517
17849167126434932,false,5362713430462517
17999595922210423,false,5362713430462517
17998037056219556,false,5362713430462517
17864774083387040,false,5362713430462517
18035124478176401,false,5362713430462517
18037564573137371,false,5362713430462517
18048372631097847,false,5362713430462517
18002677297205477,false,5362713430462517
17849393791431894,false,5362713430462517
18035033095132848,false,5362713430462517
18077455618042642,false,5362713430462517
17863679767390267,false,5362713430462517
17863412935378764,false,5362713430462517
18046170310109621,false,5362713430462517
17846334931440609,false,5362713430462517
18001024507204633,false,5362713430462517
18067241944038370,false,5362713430462517
18063445834044841,false,5362713430462517
18064130035015910,false,5362713430462517
17850442534422907,false,5362713430462517
17967366328260136,false,5362713430462517
17862893377388590,false,5362713430462517
17848853584430784,false,5362713430462517
18037526155086979,false,5362713430462517
18061897699010966,false,5362713430462517
17981225182245994,false,5362713430462517
18063859201004592,false,5362713430462517
18027117529161023,false,5362713430462517
17879616706347033,false,5362713430462517
17968977796247249,false,5362713430462517
18062943262060437,false,5362713430462517
18045803398112866,false,5362713430462517
17880499732346534,false,5362713430462517
17867756278372701,false,5362713430462517
17850030118424464,false,5362713430462517
18036086281080118,false,5362713430462517
17846465215432948,false,5362713430462517
17967520801255796,false,5362713430462517
17999109358205934,false,5362713430462517
18062330248018479,false,5362713430462517
18035081773139393,false,5362713430462517
17941326877281012,false,5362713430462517
18027856054158561,false,5362713430462517
17967145468253667,false,5362713430462517
17853812494404449,false,5362713430462517
18028522765146130,false,5362713430462517
18030580753155338,false,5362713430462517
18034117831093229,false,5362713430462517
18056797063064138,false,5362713430462517
18030356062189501,false,5362713430462517
17941145563283157,false,5362713430462517
17940553378283822,false,5362713430462517
18059562823000194,false,5362713430462517
18032779582093674,false,5362713430462517
18058014598061639,false,5362713430462517
18058465741022306,false,5362713430462517
17956569847268938,false,5362713430462517
17992133263209782,false,5362713430462517
17948192140275383,false,5362713430462517
18057986740020805,false,5362713430462517
17980087630240601,false,5362713430462517
18058901737023042,false,5362713430462517
17891646385312297,false,5362713430462517
17891983987311118,false,5362713430462517
18057139357019239,false,5362713430462517
17879699797333477,false,5362713430462517
17954842351266121,false,5362713430462517
18029792842137547,false,5362713430462517
18014373724195096,false,5362713430462517
18030723730087817,false,5362713430462517
17883394261324082,false,5362713430462517
17842356481426609,false,5362713430462517
17890509937309392,false,5362713430462517
17945462233278721,false,5362713430462517
17842875463422106,false,5362713430462517
17867925949358791,false,5362713430462517
17961348430250709,false,5362713430462517
17977826083232477,false,5362713430462517
18014298280168529,false,5362713430462517
17959126642256596,false,5362713430462517
17853933055385456,false,5362713430462517
18022944193182821,false,5362713430462517
17848903186397823,false,5362713430462517
17875049647339502,false,5362713430462517
17849012899391932,false,5362713430462517
18053696437037454,false,5362713430462517
18027331630089465,false,5362713430462517
18044696764073389,false,5362713430462517
17872785811343114,false,5362713430462517
17951070160269491,false,5362713430462517
17842166527414479,false,5362713430462517
17975567458237044,false,5362713430462517
18049794541065155,false,5362713430462517
18019935187158787,false,5362713430462517
18054568267003050,false,5362713430462517
17851753552384889,false,5362713430462517
17958537226248484,false,5362713430462517
18051377755036862,false,5362713430462517
18023262487143726,false,5362713430462517
18019619323178381,false,5362713430462517
17984061121223353,false,5362713430462517
17931604246284316,false,5362713430462517
18017941153159186,false,5362713430462517
17850701335386845,false,5362713430462517
18018583981182860,false,5362713430462517
17872461316342058,false,5362713430462517
18046442758071561,false,5362713430462517
17930821111282153,false,5362713430462517
18050857465011708,false,5362713430462517
18026026678088532,false,5362713430462517
17956989913252284,false,5362713430462517
17987505397206466,false,5362713430462517
18054971512024892,false,5362713430462517
18049971361036236,false,5362713430462517
18044979211070720,false,5362713430462517
17955194806258536,false,5362713430462517
18029055649123094,false,5362713430462517
17874454726335526,false,5362713430462517
17884294306313978,false,5362713430462517
17892107206307369,false,5362713430462517
18018661363150522,false,5362713430462517
18005970637195524,false,5362713430462517
18032066680128575,false,5362713430462517
17985639322212484,false,5362713430462517
17849160436377589,false,5362713430462517
17848275634376800,false,5362713430462517
18013693111165710,false,5362713430462517
17869215124343135,false,5362713430462517
17972042065238542,false,5362713430462517
17844342085397320,false,5362713430462517
18018835024132449,false,5362713430462517
17930199754302399,false,5362713430462517
17848615117376431,false,5362713430462517
17983550176213919,false,5362713430462517
18039973570076840,false,5362713430462517
17865459157353934,false,5362713430462517
18019324507184924,false,5362713430462517
18033241006099247,false,5362713430462517
17972801773239678,false,5362713430462517
17856435424371258,false,5362713430462517
18008743963170273,false,5362713430462517
18049861351046723,false,5362713430462517
17954697922249029,false,5362713430462517
17847985198388934,false,5362713430462517
18015092356155486,false,5362713430462517
17864702149353762,false,5362713430462517
17876999791324206,false,5362713430462517
17925516526286410,false,5362713430462517
17869490716337536,false,5362713430462517
18048225160020790,false,5362713430462517
18043633993070616,false,5362713430462517
18046500184014627,false,5362713430462517
18002350288194980,false,5362713430462517
17952590284258133,false,5362713430462517
17869304905338362,false,5362713430462517
17913981073292629,false,5362713430462517
17981422516212468,false,5362713430462517
18048611530062489,false,5362713430462517
17881972123314684,false,5362713430462517
17984643328204835,false,5362713430462517
17860258084360225,false,5362713430462517
17982111109213306,false,5362713430462517
18046837441043396,false,5362713430462517
17982280180213466,false,5362713430462517
17937046549278811,false,5362713430462517
18021907384086852,false,5362713430462517
18045169348028049,false,5362713430462517
18029567173116883,false,5362713430462517
17857014229366776,false,5362713430462517
17864698261347510,false,5362713430462517
18046804399048776,false,5362713430462517
18037965652079675,false,5362713430462517
18046296730010514,false,5362713430462517
18030438964096468,false,5362713430462517
18025625143127010,false,5362713430462517
17978777701217422,false,5362713430462517
18029282701102184,false,5362713430462517
18020336893088128,false,5362713430462517
18045292636050407,false,5362713430462517
18024793819125590,false,5362713430462517
17979326980221856,false,5362713430462517
18030149935129391,false,5362713430462517
18009148078165910,false,5362713430462517
18017625586191216,false,5362713430462517
18039192757069255,false,5362713430462517
18028482820111838,false,5362713430462517
18044280604050609,false,5362713430462517
17861802289352979,false,5362713430462517
17844491377389915,false,5362713430462517
18011770072156123,false,5362713430462517
17911363312293724,false,5362713430462517
18027295747117152,false,5362713430462517
18041732446071449,false,5362713430462517
17943349930270700,false,5362713430462517
18039974905071800,false,5362713430462517
17856409879362973,false,5362713430462517
17910740629289199,false,5362713430462517
18045067399038743,false,5362713430462517
18046544743010905,false,5362713430462517
18027845245101600,false,5362713430462517
17860037629354184,false,5362713430462517
18045236986028325,false,5362713430462517
18011671687155549,false,5362713430462517
18012155746181890,false,5362713430462517
17962886830246010,false,5362713430462517
17865602620341306,false,5362713430462517
17978861338214480,false,5362713430462517
17843144914391360,false,5362713430462517
17853026485365316,false,5362713430462517
18046566841001468,false,5362713430462517
17941374844271599,false,5362713430462517
18018156700143569,false,5362713430462517
17976419668216171,false,5362713430462517
17852865631369111,false,5362713430462517
18042869998007804,false,5362713430462517
17877934318311248,false,5362713430462517
17924210704302937,false,5362713430462517
17854702444364037,false,5362713430462517
18012092491183584,false,5362713430462517
18041871805041258,false,5362713430462517
17866119310331660,false,5362713430462517
18015327049138820,false,5362713430462517
17862801298344346,false,5362713430462517
18034446298072016,false,5362713430462517
17922181600304767,false,5362713430462517
17856799153357206,false,5362713430462517
17964755665240585,false,5362713430462517
17871089206325264,false,5362713430462517
17965355047234651,false,5362713430462517
17873426737321761,false,5362713430462517
17873663086316071,false,5362713430462517
17944509292259059,false,5362713430462517
18003828295164026,false,5362713430462517
18021231868113947,false,5362713430462517
17994704773199148,false,5362713430462517
18021030493119971,false,5362713430462517
18031388962076543,false,5362713430462517
18037804774058821,false,5362713430462517
18037704472047413,false,5362713430462517
18021848860111668,false,5362713430462517
18021683857104342,false,5362713430462517
17961115258242154,false,5362713430462517
18010427107136162,false,5362713430462517
17945332729254494,false,5362713430462517
18004873849155682,false,5362713430462517
17935137022263064,false,5362713430462517
17914524802285662,false,5362713430462517
17872436704313439,false,5362713430462517
17972117344208473,false,5362713430462517
18036640540038928,false,5362713430462517
18027309736077716,false,5362713430462517
17914514023287811,false,5362713430462517
18009488095140616,false,5362713430462517
18033927859034483,false,5362713430462517
18002847682159872,false,5362713430462517
17971715266210495,false,5362713430462517
18015649600120117,false,5362713430462517
18004554490180398,false,5362713430462517
18010877023095505,false,5362713430462517
17868333463320079,false,5362713430462517
18035303980057236,false,5362713430462517
18034027597006184,false,5362713430462517
18030815335066881,false,5362713430462517
18006021862134382,false,5362713430462517
17857175851338387,false,5362713430462517
18034097530005636,false,5362713430462517
18013640293127986,false,5362713430462517
17853940987347422,false,5362713430462517
18017108926117158,false,5362713430462517
18024321628076917,false,5362713430462517
17941146583253932,false,5362713430462517
17941335799250986,false,5362713430462517
17901056161291120,false,5362713430462517
18008601079090247,false,5362713430462517
18004590571192152,false,5362713430462517
17847334138360996,false,5362713430462517
18007713859090136,false,5362713430462517
18004065688190889,false,5362713430462517
18000132280153520,false,5362713430462517
17967578776209067,false,5362713430462517
18015640318100009,false,5362713430462517
17939418373248836,false,5362713430462517
17867242846312226,false,5362713430462517
18026813338067113,false,5362713430462517
17898179947291574,false,5362713430462517
18028007419065013,false,5362713430462517
18030538483035113,false,5362713430462517
17848344139354194,false,5362713430462517
17874333295306265,false,5362713430462517
17991216229173503,false,5362713430462517
18005472658084201,false,5362713430462517
18028326076045108,false,5362713430462517
18009524962121407,false,5362713430462517
18004775482085551,false,5362713430462517
17954654722231122,false,5362713430462517
17865017842310902,false,5362713430462517
17966395321207735,false,5362713430462517
18019393624075642,false,5362713430462517
17935042807258239,false,5362713430462517
18002668057189926,false,5362713430462517
18028084996035705,false,5362713430462517
17999597731190179,false,5362713430462517
18027964159016544,false,5362713430462517
18027744835060308,false,5362713430462517
17963635114208537,false,5362713430462517
17996333866151248,false,5362713430462517
17936136469254153,false,5362713430462517
17863870186309633,false,5362713430462517
18027637327000823,false,5362713430462517
17935124482252439,false,5362713430462517
18026625763061432,false,5362713430462517
18009545182112479,false,5362713430462517
18003110467081910,false,5362713430462517
17926801900265899,false,5362713430462517
17998426255190403,false,5362713430462517
18025732459036981,false,5362713430462517
18024695719005813,false,5362713430462517
18026516860052903,false,5362713430462517
17932740286258428,false,5362713430462517
18026222758056545,false,5362713430462517
17994821200151650,false,5362713430462517
17946766126244753,false,5362713430462517
17963194831204497,false,5362713430462517
18012281956111156,false,5362713430462517
17951100427225004,false,5362713430462517
17950150057239750,false,5362713430462517
17850972451331353,false,5362713430462517
18015396169072164,false,5362713430462517
18023543494060767,false,5362713430462517
18023051161009094,false,5362713430462517
18022842226010125,false,5362713430462517
17960316088215578,false,5362713430462517
17860221511312921,false,5362713430462517
18023034139063294,false,5362713430462517
18018111622068637,false,5362713430462517
17849183185330127,false,5362713430462517
17985688234172452,false,5362713430462517
17992431493144952,false,5362713430462517
17993409970176960,false,5362713430462517
17996682190185627,false,5362713430462517
18017863885068090,false,5362713430462517
18021125578044370,false,5362713430462517
17922862177270151,false,5362713430462517
17904586699284871,false,5362713430462517
17922710731270616,false,5362713430462517
17866892776305455,false,5362713430462517
17858501791313174,false,5362713430462517
18007427245101255,false,5362713430462517
17922045862265558,false,5362713430462517
18020695186015368,false,5362713430462517
17983634431172147,false,5362713430462517
17958162262215552,false,5362713430462517
17977603825199099,false,5362713430462517
18001718746121218,false,5362713430462517
17847723151328613,false,5362713430462517
18005230114129204,false,5362713430462517
18024478291043598,false,5362713430462517
18005691688129921,false,5362713430462517
17941579477244726,false,5362713430462517
18004495321110484,false,5362713430462517
17927813029260161,false,5362713430462517
17945361148238841,false,5362713430462517
18020359483024040,false,5362713430462517
17927341711257571,false,5362713430462517
18021810175043837,false,5362713430462517
17888149144288289,false,5362713430462517
17985198787163191,false,5362713430462517
17981256163170114,false,5362713430462517
17919831640268597,false,5362713430462517
17927667919254322,false,5362713430462517
17887419676294607,false,5362713430462517
17992955272141773,false,5362713430462517
17957238790204624,false,5362713430462517
17957853406207190,false,5362713430462517
17855181496313116,false,5362713430462517
18018435031051079,false,5362713430462517
17899686976305206,false,5362713430462517
17918629762269745,false,5362713430462517
17989732042133583,false,5362713430462517
17925825325249199,false,5362713430462517
17993553253081668,false,5362713430462517
18007968361077726,false,5362713430462517
17989510804185062,false,5362713430462517
18018454921020377,false,5362713430462517
18000785539117397,false,5362713430462517
17985684469178791,false,5362713430462517
18016492798042314,false,5362713430462517
18015203200061862,false,5362713430462517
17991799069087612,false,5362713430462517
17898000787282012,false,5362713430462517
18012031690067927,false,5362713430462517
17941228918233733,false,5362713430462517
17851832560311262,false,5362713430462517
17897541190281286,false,5362713430462517
17999693659103837,false,5362713430462517
17995210795125461,false,5362713430462517
17883012250291778,false,5362713430462517
17851066867309695,false,5362713430462517
17987123632193859,false,5362713430462517
17939083396239931,false,5362713430462517
17982910969144888,false,5362713430462517
17986122877186111,false,5362713430462517
17989567651088349,false,5362713430462517
17981549659156874,false,5362713430462517
18014106313022458,false,5362713430462517
17920607212258734,false,5362713430462517
17949600796211004,false,5362713430462517
17983563709183429,false,5362713430462517
17978926315160854,false,5362713430462517
17980807423161445,false,5362713430462517
17989132582085191,false,5362713430462517
17919152626262776,false,5362713430462517
17904678850274378,false,5362713430462517
18012279517004948,false,5362713430462517
17904564415277413,false,5362713430462517
17936940592234211,false,5362713430462517
17993337157126436,false,5362713430462517
17894971258301721,false,5362713430462517
17890068760287664,false,5362713430462517
18010870495004991,false,5362713430462517
17937684484228584,false,5362713430462517
17979313612159325,false,5362713430462517
17919179602251824,false,5362713430462517
18011679652054222,false,5362713430462517
17973101575173961,false,5362713430462517
18009766822057226,false,5362713430462517
18009687760050858,false,5362713430462517
18009909466010589,false,5362713430462517
18009960751044592,false,5362713430462517
18008913100057165,false,5362713430462517
18008387500023065,false,5362713430462517
17974626637164717,false,5362713430462517
17974941766165890,false,5362713430462517
17981686891184732,false,5362713430462517
17933882755239408,false,5362713430462517
17964847768194717,false,5362713430462517
17977375051151546,false,5362713430462517
18008746978038215,false,5362713430462517
17977300267145152,false,5362713430462517
18006827068054136,false,5362713430462517
17885751814287259,false,5362713430462517
17889014269282490,false,5362713430462517
17973205228162545,false,5362713430462517
17969551762168220,false,5362713430462517
17973363550164775,false,5362713430462517
17888733751284594,false,5362713430462517
17933070016227358,false,5362713430462517
17888339497281596,false,5362713430462517
17842859059314524,false,5362713430462517
17973199204163471,false,5362713430462517
18004780699059117,false,5362713430462517
18006832891018137,false,5362713430462517
18008402569057115,false,5362713430462517
17982688873089740,false,5362713430462517
17914242292250307,false,5362713430462517
17976683674146895,false,5362713430462517
18006266044056914,false,5362713430462517
17987657233124389,false,5362713430462517
17990174287102109,false,5362713430462517
17914337788255499,false,5362713430462517
17999738935069164,false,5362713430462517
18005928289014430,false,5362713430462517
17961215779195413,false,5362713430462517
17943956737200894,false,5362713430462517
18004696900055936,false,5362713430462517
17974898809144440,false,5362713430462517
17941633993210025,false,5362713430462517
17996676712072725,false,5362713430462517
17995511293073458,false,5362713430462517
17967281776168513,false,5362713430462517
18003010213017838,false,5362713430462517
17974141357180762,false,5362713430462517
17994599872077249,false,5362713430462517
17966719048174078,false,5362713430462517
18006084778008183,false,5362713430462517
18002148646009296,false,5362713430462517
18003197044009329,false,5362713430462517
18001834552013506,false,5362713430462517
17971960843176250,false,5362713430462517
17938422538221285,false,5362713430462517
17941473931201113,false,5362713430462517
18001524685059922,false,5362713430462517
17973774379131756,false,5362713430462517
17901654766264400,false,5362713430462517
17982304924120184,false,5362713430462517
17970762334156126,false,5362713430462517
18015662722018005,false,5362713430462517
17870516332289085,false,5362713430462517
17940530044201470,false,5362713430462517
17986264567097291,false,5362713430462517
18000349438043274,false,5362713430462517
17967554929163305,false,5362713430462517
17972106442192026,false,5362713430462517
18002401390040031,false,5362713430462517
17940748660202762,false,5362713430462517
17999420602020175,false,5362713430462517
17939696476205316,false,5362713430462517
17970702385183129,false,5362713430462517
17925594721243026,false,5362713430462517
18000655507012805,false,5362713430462517
17981322778120829,false,5362713430462517
17998176457029248,false,5362713430462517
17963781082175897,false,5362713430462517
17975417689136347,false,5362713430462517
17926409959235219,false,5362713430462517
17935601143219129,false,5362713430462517
17844511879305530,false,5362713430462517
17993586079068839,false,5362713430462517
17969239156159167,false,5362713430462517
17973384628192885,false,5362713430462517
18001113775046809,false,5362713430462517
17998192966008228,false,5362713430462517
17976771121093901,false,5362713430462517
17907600520261594,false,5362713430462517
17972002198189524,false,5362713430462517
17972629579140000,false,5362713430462517
17881393516284515,false,5362713430462517
17968964095144449,false,5362713430462517
17935382926209992,false,5362713430462517
17982355840119988,false,5362713430462517
17968558927144596,false,5362713430462517
17976170923088963,false,5362713430462517
17980284604123828,false,5362713430462517
17923038595242691,false,5362713430462517
17867598256290349,false,5362713430462517
17997305188019183,false,5362713430462517
17996604514051994,false,5362713430462517
17867037175292417,false,5362713430462517
18016873693041693,false,5362713430462517
17934844555208082,false,5362713430462517
17970539812135571,false,5362713430462517
17996504056003136,false,5362713430462517
17936579203207407,false,5362713430462517
17967330601183279,false,5362713430462517
17889844645273658,false,5362713430462517
17981461615113510,false,5362713430462517
17981102857116948,false,5362713430462517
17922957769235414,false,5362713430462517
17966762512180468,false,5362713430462517
17969657452135361,false,5362713430462517
17995948696055667,false,5362713430462517
17897328724264925,false,5362713430462517
17969419207132952,false,5362713430462517
17969788696187834,false,5362713430462517
17918102074246268,false,5362713430462517
17888168260275129,false,5362713430462517
17918378038246720,false,5362713430462517
17980370959102073,false,5362713430462517
17897064946269392,false,5362713430462517
17904816148249224,false,5362713430462517
17972672128093713,false,5362713430462517
17964531679150238,false,5362713430462517
17864074396293989,false,5362713430462517
17968893973184724,false,5362713430462517
17994455236035743,false,5362713430462517
17993436904030702,false,5362713430462517
17968184863189166,false,5362713430462517
17990942008067551,false,5362713430462517
17979938005100829,false,5362713430462517
17993415343017372,false,5362713430462517
17979621505110489,false,5362713430462517
17964991195179071,false,5362713430462517
17993874922056457,false,5362713430462517
17993748046057495,false,5362713430462517
17992574167035812,false,5362713430462517
17987498074077023,false,5362713430462517
17971543939086871,false,5362713430462517
17966288179135900,false,5362713430462517
17862429613291737,false,5362713430462517
17874911299302262,false,5362713430462517
17959965508161930,false,5362713430462517
17929214299222848,false,5362713430462517
17874145216304107,false,5362713430462517
17992816714013004,false,5362713430462517
17894171098264496,false,5362713430462517
17963802766183418,false,5362713430462517
17991093907009881,false,5362713430462517
17873766187303450,false,5362713430462517
17902693330254033,false,5362713430462517
17955881893169787,false,5362713430462517
17991158083039982,false,5362713430462517
17994126706028649,false,5362713430462517
17917490671236764,false,5362713430462517
17963793292189956,false,5362713430462517
17991605176024264,false,5362713430462517
17892591277271432,false,5362713430462517
17991068239024972,false,5362713430462517
17902404466247035,false,5362713430462517
17960781130153721,false,5362713430462517
17899965916250325,false,5362713430462517
17917418548225457,false,5362713430462517
17960616472153363,false,5362713430462517
17964718495141345,false,5362713430462517
17930600026201147,false,5362713430462517
17960906437178824,false,5362713430462517
17964632962143838,false,5362713430462517
17990233558018128,false,5362713430462517
17987645719023086,false,5362713430462517
17963913025141390,false,5362713430462517
18002678677050349,false,5362713430462517
17972238052122923,false,5362713430462517
17961566170193768,false,5362713430462517
17928256498203935,false,5362713430462517
17897160232258487,false,5362713430462517
17974603096105367,false,5362713430462517
17881734226277383,false,5362713430462517
17991542527058773,false,5362713430462517
17899207576247084,false,5362713430462517
17970505138122614,false,5362713430462517
17927006017208445,false,5362713430462517
17988220930032388,false,5362713430462517
17979677683076142,false,5362713430462517
17971032958124125,false,5362713430462517
17955588310160573,false,5362713430462517
17857116298294400,false,5362713430462517
17957496805156811,false,5362713430462517
17966332147089057,false,5362713430462517
17924924452211358,false,5362713430462517
17913695998236486,false,5362713430462517
17926974742202655,false,5362713430462517
17856549649295293,false,5362713430462517
17927972893205730,false,5362713430462517
17987803648011854,false,5362713430462517
17987068462051762,false,5362713430462517
17913345820229535,false,5362713430462517
17856207811290692,false,5362713430462517
17972755534106040,false,5362713430462517
17961400222143539,false,5362713430462517
17968664170126719,false,5362713430462517
17956319344177380,false,5362713430462517
17958327223182250,false,5362713430462517
17909146012243979,false,5362713430462517
17913725674238484,false,5362713430462517
17971616320098595,false,5362713430462517
17969932624116547,false,5362713430462517
17868973603301223,false,5362713430462517
17985888328042736,false,5362713430462517
17987391073024166,false,5362713430462517
17864836432285067,false,5362713430462517
17971379155112628,false,5362713430462517
17985393766004879,false,5362713430462517
17967386530122245,false,5362713430462517
17957043190144568,false,5362713430462517
17952614554166870,false,5362713430462517
17925691903202833,false,5362713430462517
17950079476169467,false,5362713430462517
17985680806006807,false,5362713430462517
17980397428067511,false,5362713430462517
17980780192066085,false,5362713430462517
17924238016206157,false,5362713430462517
17886237040269442,false,5362713430462517
17922951310208916,false,5362713430462517
17957625361132834,false,5362713430462517
17984395546021029,false,5362713430462517
17941995940199914,false,5362713430462517
17985542539007960,false,5362713430462517
17955193129144067,false,5362713430462517
17910887779224633,false,5362713430462517
17969368444106279,false,5362713430462517
17969069506109251,false,5362713430462517
17954633626147922,false,5362713430462517
17910700177235905,false,5362713430462517
17885126332264890,false,5362713430462517
17942153524198892,false,5362713430462517
17983072969020038,false,5362713430462517
17862089746286383,false,5362713430462517
17921751706211473,false,5362713430462517
17984145199032831,false,5362713430462517
17956571932132203,false,5362713430462517
17852753095289091,false,5362713430462517
17965381762126138,false,5362713430462517
17957848915132119,false,5362713430462517
17954659672146230,false,5362713430462517
17983591300001728,false,5362713430462517
17982828937011626,false,5362713430462517
17967500305112232,false,5362713430462517
17948756674172623,false,5362713430462517
17861951197286900,false,5362713430462517
17983617940046062,false,5362713430462517
17957492650136477,false,5362713430462517
17892739186251711,false,5362713430462517
17953851382180675,false,5362713430462517
17955272737187745,false,5362713430462517
17852294509288902,false,5362713430462517
17947348768175972,false,5362713430462517
17947426924173650,false,5362713430462517
17953280314144755,false,5362713430462517
17952220759157676,false,5362713430462517
17909317543239364,false,5362713430462517
17982263239059913,false,5362713430462517
17961360430085630,false,5362713430462517
17920811686210096,false,5362713430462517
17956171885135696,false,5362713430462517
17980595002025725,false,5362713430462517
17960581096093580,false,5362713430462517
17981282176047501,false,5362713430462517
17981922487016913,false,5362713430462517
17864473693303957,false,5362713430462517
17908690120225929,false,5362713430462517
17863923436284616,false,5362713430462517
17973286498077830,false,5362713430462517
17981044693058954,false,5362713430462517
17981671237059865,false,5362713430462517
17949174952160446,false,5362713430462517
17960690344090461,false,5362713430462517
17955452695141897,false,5362713430462517
17883456328267652,false,5362713430462517
17980883773007794,false,5362713430462517
17863891693301256,false,5362713430462517
17952795835144675,false,5362713430462517
17983941799032616,false,5362713430462517
17966251021118050,false,5362713430462517
17952421810182382,false,5362713430462517
17890848295250151,false,5362713430462517
17980399405027030,false,5362713430462517
17963826325123568,false,5362713430462517
17963425951121340,false,5362713430462517
17908136779224597,false,5362713430462517
17948237641165593,false,5362713430462517
17959334701092522,false,5362713430462517
17965789168116073,false,5362713430462517
17939220325199342,false,5362713430462517
17975701576068279,false,5362713430462517
17959613593086457,false,5362713430462517
17862267115280559,false,5362713430462517
17978681011048458,false,5362713430462517
17907306679235188,false,5362713430462517
17955286000143975,false,5362713430462517
17950136623157548,false,5362713430462517
17966393689129883,false,5362713430462517
17889840280249132,false,5362713430462517
17907008458238705,false,5362713430462517
17980150882013087,false,5362713430462517
17861745289281404,false,5362713430462517
17954127577136016,false,5362713430462517
17872749118276476,false,5362713430462517
17953433575139754,false,5362713430462517
17979306466010031,false,5362713430462517
17978295730034930,false,5362713430462517
17980143709036367,false,5362713430462517
17952065554130315,false,5362713430462517
17948715136156987,false,5362713430462517
17889403270254723,false,5362713430462517
17919510415206848,false,5362713430462517
17974571107066331,false,5362713430462517
17974890463069888,false,5362713430462517
17872343740272012,false,5362713430462517
17887461595261929,false,5362713430462517
17887880923256929,false,5362713430462517
17916473374219443,false,5362713430462517
17960952169127301,false,5362713430462517
17916879718215432,false,5362713430462517
17946703744166912,false,5362713430462517
17951359060135019,false,5362713430462517
17981238013044924,false,5362713430462517
17951105608130764,false,5362713430462517
17917748074202869,false,5362713430462517
17947312126163621,false,5362713430462517
17970865963079955,false,5362713430462517
17886874216257804,false,5362713430462517
17948208259156908,false,5362713430462517
17949917611145914,false,5362713430462517
17970814630079316,false,5362713430462517
17886536077259752,false,5362713430462517
17950722340135940,false,5362713430462517
17886543154256964,false,5362713430462517
17948074969153207,false,5362713430462517
17904963649228116,false,5362713430462517
17905095358225126,false,5362713430462517
17915471956209002,false,5362713430462517
17948515606150243,false,5362713430462517
17859123721284547,false,5362713430462517
17869832656276449,false,5362713430462517
17846715688290447,false,5362713430462517
17902433530241061,false,5362713430462517
17977541359059953,false,5362713430462517
17962133338108549,false,5362713430462517
17979606088032595,false,5362713430462517
17947591786147956,false,5362713430462517
17846341915288999,false,5362713430462517
17946577894156463,false,5362713430462517
17949394108133835,false,5362713430462517
17899001290244375,false,5362713430462517
17885298544257785,false,5362713430462517
17962421986103195,false,5362713430462517
17903482057231453,false,5362713430462517
17935840198197618,false,5362713430462517
17903774167230223,false,5362713430462517
17886853279247247,false,5362713430462517
17958050167122967,false,5362713430462517
17947839649192796,false,5362713430462517
17961530908097006,false,5362713430462517
17959540444115323,false,5362713430462517
17868605944276998,false,5362713430462517
17845087738291119,false,5362713430462517
17946983167150660,false,5362713430462517
17974412524061420,false,5362713430462517
17949770872140312,false,5362713430462517
17867906854276591,false,5362713430462517
17857862479302449,false,5362713430462517
17961156910119974,false,5362713430462517
17900628433240732,false,5362713430462517
17960646565102788,false,5362713430462517
17974700851050515,false,5362713430462517
17948508019191496,false,5362713430462517
17901068266236277,false,5362713430462517
17974152571034561,false,5362713430462517
17867338402278181,false,5362713430462517
17974164421024334,false,5362713430462517
17912807554210911,false,5362713430462517
17956257487121380,false,5362713430462517
17947075573187007,false,5362713430462517
17977439212046024,false,5362713430462517
17867133760274163,false,5362713430462517
17883080974256686,false,5362713430462517
17965683574075339,false,5362713430462517
17973956038036086,false,5362713430462517
17952913222092012,false,5362713430462517
17973106627043551,false,5362713430462517
17856447040300978,false,5362713430462517
17895425629246575,false,5362713430462517
17973879883001893,false,5362713430462517
17843466952292303,false,5362713430462517
17959331491107270,false,5362713430462517
17843375029289670,false,5362713430462517
17843374051291796,false,5362713430462517
17911891909219560,false,5362713430462517
17975076478043709,false,5362713430462517
17930155708196513,false,5362713430462517
17945250691181483,false,5362713430462517
17910343339222433,false,5362713430462517
17947533466137208,false,5362713430462517
17945227876180708,false,5362713430462517
17964264139073215,false,5362713430462517
17894576674244827,false,5362713430462517
17957229634117844,false,5362713430462517
17899761706227771,false,5362713430462517
17943254674183754,false,5362713430462517
17944966540186283,false,5362713430462517
17842189105288697,false,5362713430462517
17940373219165988,false,5362713430462517
17944946566190617,false,5362713430462517
17897888758239099,false,5362713430462517
17940807823153887,false,5362713430462517
17949582262091993,false,5362713430462517
17970956395025948,false,5362713430462517
17943355003154665,false,5362713430462517
17928199030199322,false,5362713430462517
17949440800090761,false,5362713430462517
17956141654099537,false,5362713430462517
17954844400115385,false,5362713430462517
17971011367017790,false,5362713430462517
17908604545210126,false,5362713430462517
17969856076036337,false,5362713430462517
17940014398152313,false,5362713430462517
17944092244190690,false,5362713430462517
17955271324102215,false,5362713430462517
17968874785005851,false,5362713430462517
17906641462216661,false,5362713430462517
17943078226190005,false,5362713430462517
17895625111233735,false,5362713430462517
17940270031146408,false,5362713430462517
17954248063112558,false,5362713430462517
17869889347268965,false,5362713430462517
17954970313105916,false,5362713430462517
17934155560175872,false,5362713430462517
17938693705153171,false,5362713430462517
17906837272212727,false,5362713430462517
17947751176092030,false,5362713430462517
17877537412257513,false,5362713430462517
17968617523016068,false,5362713430462517
17969313907063848,false,5362713430462517
17943918736142513,false,5362713430462517
17953921666109592,false,5362713430462517
17961299200079183,false,5362713430462517
17938598146152270,false,5362713430462517
17860788073274169,false,5362713430462517
17966983987039967,false,5362713430462517
17966684254037089,false,5362713430462517
17938730887151829,false,5362713430462517
17850239836302198,false,5362713430462517
17963537332068021,false,5362713430462517
17907558637202040,false,5362713430462517
17952989596107141,false,5362713430462517
17904990934213647,false,5362713430462517
17952297874104082,false,5362713430462517
17966636188005937,false,5362713430462517
17958826303074412,false,5362713430462517
17947658008080586,false,5362713430462517
17905175452214121,false,5362713430462517
17940075130135200,false,5362713430462517
17905773694215400,false,5362713430462517
17958207547077801,false,5362713430462517
17967205930022561,false,5362713430462517
17894484334227674,false,5362713430462517
17952190963108855,false,5362713430462517
17931675472175997,false,5362713430462517
17949359533124386,false,5362713430462517
17939781184184041,false,5362713430462517
17849389666304587,false,5362713430462517
17940547303140264,false,5362713430462517
17949064303126220,false,5362713430462517
17937493777156441,false,5362713430462517
17892914500238192,false,5362713430462517
17893182241237682,false,5362713430462517
17970615589057022,false,5362713430462517
17935914343154715,false,5362713430462517
17957739859073045,false,5362713430462517
17939837530141436,false,5362713430462517
17948234203120505,false,5362713430462517
17950916344112123,false,5362713430462517
17938549315189068,false,5362713430462517
17951053930108922,false,5362713430462517
17966178544037548,false,5362713430462517
17938519033133133,false,5362713430462517
17848683673301535,false,5362713430462517
17938683184191291,false,5362713430462517
17964133609022212,false,5362713430462517
17965585798056496,false,5362713430462517
17904412942210770,false,5362713430462517
17950735870107815,false,5362713430462517
17963774137027184,false,5362713430462517
17956098124073477,false,5362713430462517
17922508291195251,false,5362713430462517
17857437517274001,false,5362713430462517
17966017564035619,false,5362713430462517
17903730631215205,false,5362713430462517
17944726366092504,false,5362713430462517
17936287894182857,false,5362713430462517
17935595248159279,false,5362713430462517
17873873104259998,false,5362713430462517
17930744614173728,false,5362713430462517
17930744350172539,false,5362713430462517
17950038115113154,false,5362713430462517
17875376770248499,false,5362713430462517
17943734896092043,false,5362713430462517
17944553674085436,false,5362713430462517
17887681657243918,false,5362713430462517
17891043214231481,false,5362713430462517
17964138961022854,false,5362713430462517
17964987652055884,false,5362713430462517
17847728839304765,false,5362713430462517
17856764506279967,false,5362713430462517
17904246496202552,false,5362713430462517
